Workbook

Sheet Consolidado
B2: Lista de Materiales — Estructuras MT Celsia
B3: Consolidado de 7 estructuras según las 10 categorías funcionales · Fuentes: Celsia-B72C2, B76C, B76C2, B712, C71, C72C, C72E (.xlsx)
B6: Resumen
B7: Estructuras procesadas | D7: 7
B8: Ítems únicos del catálogo | D8: 69
B9: Filas de lista de materiales | D9: 306
B10: Unidades totales (cantidades fijas) | D10: 436
B12: Pos — Estructura de soporte principal
B13: 12 ítems únicos · 29 unidades con cantidad fija
B15: Descripción técnica | C15: Cant. (ud) | D15: Presente en
B16: Poste de concreto, fibra vidrio o metalico 10m /12m /14m /16m × 750kgf /1050kgf /2000kgf/3000kgf /4000kgf | C16: 5 | D16: Todas (7/7)
B17: Brazo tangente tipo L 15kV con grapa prensora y estribo | C17: 3 | D17: Todas (7/7)
B18: Brazo tangente tipo L 38 – 48 kV con grapa prensora y estribo | C18: 2 | D18: Todas (7/7)
B19: Cruceta angular metálica en T autosoportada, 1400 mm | C19: 2 | D19: 5/7: B72C2, B76C, B76C2, C72C, C72E
B20: Soporte para dos aisladores en angulo red compacta (15kV / 35kV) | C20: 6 | D20: 5/7: B72C2, B76C, B76C2, C72C, C72E
B21: Brazo angular tipo C acero red compacta 15kV | C21: 5 | D21: 4/7: B72C2, B76C, B76C2, C72C
B22: Brazo angular tipo C acero red compacta 38kV | C22: 1 | D22: 4/7: B72C2, B76C, B76C2, C72C
B23: Brazo anti-balanceo polimérico red compacta 15 kV | C23: 2 | D23: 4/7: B712, B76C, B76C2, C71
B24: Brazo anti-balanceo polimérico red compacta 38kV | C24: 1 | D24: 4/7: B712, B76C, B76C2, C71
B25: Cruceta metálica retención 600mm 3" X 3" X 1/4" / 2 1/2" x 2 1/2" x 1/4" | C25: 1 | D25: 2/7: B76C, B76C2
B26: Brazo angular tipo E acero red compacta 38kV | C26: 1 | D26: 1/7: C72E
B27: Total Pos | C27: =SUM(Consolidado!C16:C26) -> 29 | D27: 12 ítems
B29: F.Po — Fijación al poste
B30: 1 ítems únicos · 23 unidades con cantidad fija
B32: Descripción técnica | C32: Cant. (ud) | D32: Presente en
B33: Collarín / Abrazadera de 2 o 4 vías para poste (100mm - 4" a Collarin 300mm -12") Diámetro según norma | C33: 23 | D33: Todas (7/7)
B34: Total F.Po | C34: =SUM(Consolidado!C33) -> 23 | D34: 1 ítems
B36: Ais — Aisladores
B37: 7 ítems únicos · 27 unidades con cantidad fija
B39: Descripción técnica | C39: Cant. (ud) | D39: Presente en
B40: Aislador pin polimérico 15 kV ANSI C29.5 clase 55-4 | C40: 6 | D40: 5/7: B72C2, B76C, B76C2, C72C, C72E
B41: Aislador pin polimérico 35 kV ANSI C29.5 clase 55-6 | C41: 6 | D41: 3/7: B72C2, C72C, C72E
B42: Aislador suspensión polimérico 15 kV ANSI C29.13 clase DS-15 clevis-lengüeta | C42: 15 | D42: 2/7: B76C, B76C2
B43: Total Ais | C43: =SUM(Consolidado!C40:C42) -> 27 | D43: 7 ítems
B45: Esp — Espaciamiento de red compacta
B46: 5 ítems únicos · 3 unidades con cantidad fija
B48: Descripción técnica | C48: Cant. (ud) | D48: Presente en
B49: Espaciador poligonal polimérico 15 kV 10 kA cable cubierto | C49: 2 | D49: 1/7: B712
B50: Espaciador poligonal polimérico 38 kV 16 kA cable cubierto (Tipo Pato) | C50: 1 | D50: 1/7: C71
B51: Total Esp | C51: =SUM(Consolidado!C49:C50) -> 3 | D51: 5 ítems
B53: Cond — Conductores y cableado
B54: 5 ítems únicos · 33 unidades con cantidad fija
B56: Descripción técnica | C56: Cant. (ud) | D56: Presente en
B57: Cable de cobre desnudo #2 AWG | C57: 33 | D57: 5/7: B72C2, B76C, B76C2, C72C, C72E
B58: Total Cond | C58: =SUM(Consolidado!C57:C57) -> 33 | D58: 5 ítems
B60: Suj — Sujeción y amarre del conductor
B61: 8 ítems únicos · 31 unidades con cantidad fija
B63: Descripción técnica | C63: Cant. (ud) | D63: Presente en
B64: Estribo para soporte tangencial | C64: 4 | D64: Todas (7/7)
B65: Grapa Suspension para soporte mensajero red compacta | C65: 3 | D65: 5/7: B72C2, B76C, B76C2, C72C, C72E
B66: Grapa amarre preformado aislado tipo "Z" para red semiaislada. De acuerdo al calibre del conductor (Amarre Preformado) | C66: 12 | D66: 5/7: B72C2, B76C, B76C2, C72C, C72E
B67: Grapa preformada aleación de aluminio 2 AWG a 312.8 kcmil 15 kV / 38 kV cable cubierto (Amarre Preformado) | C67: 9 | D67: 5/7: B72C2, B76C, B76C2, C72C, C72E
B68: Grapa de retención aluminio tipo pistola (3–4 pernos) 2/0AWG-266.8KCMIL | C68: 3 | D68: 5/7: B72C2, B76C, B76C2, C72C, C72E
B69: Total Suj | C69: =SUM(Consolidado!C64:C68) -> 31 | D69: 8 ítems
B71: Torni — Tornillería y herrajes de unión
B72: 18 ítems únicos · 248 unidades con cantidad fija
B74: Descripción técnica | C74: Cant. (ud) | D74: Presente en
B75: Perno espaciador 15.9 x 305 mm (Esparrago 5/8" x 12") | C75: 2 | D75: Todas (7/7)
B76: Tuercas hexagonales de acero 5/8′′ | C76: 78 | D76: Todas (7/7)
B77: Arandelas de presión (Guasa) Galv. Ø15,9 mm (5/8") | C77: 55 | D77: Todas (7/7)
B78: Arandelas redondas planas de acero Ø15,9 mm (5/8′′) | C78: 51 | D78: Todas (7/7)
B79: Tornillo de máquina hexagonal acero galvanizado1/2" x 3" | C79: 0 | D79: 6/7: B712, B72C2, B76C, B76C2, C72C, C72E
B80: Eslabón en U 5/8" forjado galvanizado | C80: 11 | D80: 5/7: B72C2, B76C, B76C2, C72C, C72E
B81: Tornillo de máquina hexagonal acero galvanizado 5/8" x 3" | C81: 1 | D81: 5/7: B72C2, B76C, B76C2, C72C, C72E
B82: Tornillo de máquina hexagonal acero galvanizado 5/8" x 31/2" | C82: 14 | D82: 5/7: B72C2, B76C, B76C2, C72C, C72E
B83: Perno Espigo corto para aislador tipo pin 10”x1 3/4”x3/4” rosca nailon 1 3/8” cruceta metálica (13,2 kV) | C83: 6 | D83: 5/7: B72C2, B76C, B76C2, C72C, C72E
B84: Perno Espigo corto para aislador tipo pin 10”x1 3/4”x3/4” rosca nailon 1 3/8” cruceta metálica (34,5 kV) | C84: 6 | D84: 5/7: B72C2, B76C, B76C2, C72C, C72E
B85: Tuercas de ojo alargada acero galv. / Ojos giratorios de Ø15,9 mm (5/8") | C85: 8 | D85: 5/7: B72C2, B76C, B76C2, C72C, C72E
B86: Perno espaciador 15.9 x 305 mm (Esparrago 5/8" x 14") | C86: 6 | D86: 3/7: B76C, B76C2, C72E
... B88: Guardacabo acero galvanizad Ø15,9 mm (5/8′′) | C88: 9 | D88: 2/7: B76C, B76C2
B89: Total Torni | C89: =SUM(Consolidado!C75:C88) -> 248 | D89: 18 ítems
B91: Cone — Conectores y empalmes eléctricos
B92: 6 ítems únicos · 26 unidades con cantidad fija
B94: Descripción técnica | C94: Cant. (ud) | D94: Presente en
B95: Conector empalme conector DBH Y REPOSICION AISLAMIENTO Cable Simieaislado | C95: 9 | D95: 5/7: B72C2, B76C, B76C2, C72C, C72E
B96: Conectores de compresión (C-Tap / H-Tap / Cuña) | C96: 3 | D96: 5/7: B72C2, B76C, B76C2, C72C, C72E
B97: Conectores tipo Cuña Cu - Cu #2 a #2 | C97: 5 | D97: 5/7: B72C2, B76C, B76C2, C72C, C72E
B98: Conexión estribo a cable semiaislado con conector DBH y reposición de aislamiento del cable semiaislado | C98: 9 | D98: 2/7: B76C, B76C2
B99: Total Cone | C99: =SUM(Consolidado!C95:C98) -> 26 | D99: 6 ítems
B101: P.Ele — Protección eléctrica y puesta a tierra
B102: 6 ítems únicos · 16 unidades con cantidad fija
B104: Descripción técnica | C104: Cant. (ud) | D104: Presente en
B105: Pararrayos polimerico DPS 12 kV 10 kA | C105: 9 | D105: 5/7: B72C2, B76C, B76C2, C72C, C72E
B106: Conector cuña a presión p/ varilla PAT Ø15,9 mm (5/8") a Cu #2 AWG | C106: 2 | D106: 5/7: B72C2, B76C, B76C2, C72C, C72E
B107: Grapa conexión doble cable tierra | C107: 3 | D107: 5/7: B72C2, B76C, B76C2, C72C, C72E
B108: Varilla puesta a tierra Ø 15,9 x 2400 mm (5/8" x 8') Copperweld | C108: 2 | D108: 5/7: B72C2, B76C, B76C2, C72C, C72E
B109: Total P.Ele | C109: =SUM(Consolidado!C105:C108) -> 16 | D109: 6 ítems
B111: Vien — Anclaje y retención mecánica
B112: 1 ítems únicos · 0 unidades con cantidad fija
B114: Descripción técnica | C114: Cant. (ud) | D114: Presente en
B115: Retenidas (Vientos) | C115: 0 | D115: Todas (7/7)
B116: Total Vien | C116: =SUM(Consolidado!C115) -> 0 | D116: 1 ítems
B118: «Cantidad según diseño»: el ítem aparece en las listas de materiales sin cantidad fija (se define en el diseño de cada obra). Las cantidades sumadas corresponden únicamente a los valores numéricos declarados en los archivos. Categorías definidas previamente: Pos, F.Po, Ais, Esp, Cond, Suj, Torni, Cone, P.Ele, Vien.
B120: Nota (1): *Puesta a tierra (Norma SPT001 y SPT002): Obligatoria cada 3 apoyos (máx. 150m), en terminales, ángulos pronunciados y equipos de maniobra. Acorde con la zonas del nivel freático / ceráunico (keraúnico).

Sheet Por Norma
B2: Desglose por norma — qué se pide y en qué norma sale
B3: Cantidad declarada de cada ítem en cada una de las 7 normas · «—» = aparece sin cantidad fija (según diseño) · celda vacía = no aparece en la norma
B6: Unidades con cantidad fija pedidas por norma
B7: B712 | D7: 24
B8: B72C2 | D8: 102
B9: B76C | D9: 75
B10: B76C2 | D10: 149
B11: C71 | D11: 14
B12: C72C | D12: 42
B13: C72E | D13: 30
B14: Total (7 normas) | D14: 436
B16: Pos — Estructura de soporte principal
B17: 12 ítems únicos · 29 unidades con cantidad fija
B19: Descripción técnica | C19: B712 | D19: B72C2 | E19: B76C | F19: B76C2 | G19: C71 | H19: C72C | I19: C72E | J19: Total | K19: Se pide en
B20: Poste de concreto, fibra vidrio o metalico 10m /12m /14m /16m × 750kgf /1050kgf /2000kgf/3000kgf /4000kgf | C20: 1 | D20: — | E20: — | F20: 1 | G20: 1 | H20: 1 | I20: 1 | J20: 5 | K20: 5/7: B712, B76C2, C71, C72C, C72E
B21: Brazo tangente tipo L 15kV con grapa prensora y estribo | C21: 2 | D21: 1 | E21: — | F21: — | G21: — | H21: — | I21: — | J21: 3 | K21: 2/7: B712, B72C2
B22: Brazo tangente tipo L 38 – 48 kV con grapa prensora y estribo | C22: — | D22: — | E22: — | F22: — | G22: 1 | H22: 1 | I22: — | J22: 2 | K22: 2/7: C71, C72C
B23: Cruceta angular metálica en T autosoportada, 1400 mm | D23: — | E23: — | F23: 2 | H23: — | I23: — | J23: 2 | K23: 1/7: B76C2
B24: Soporte para dos aisladores en angulo red compacta (15kV / 35kV) | D24: — | E24: — | F24: 6 | H24: — | I24: — | J24: 6 | K24: 1/7: B76C2
B25: Brazo angular tipo C acero red compacta 15kV | D25: 2 | E25: 1 | F25: 2 | H25: — | J25: 5 | K25: 3/7: B72C2, B76C, B76C2
B26: Brazo angular tipo C acero red compacta 38kV | D26: — | E26: — | F26: — | H26: 1 | J26: 1 | K26: 1/7: C72C
B27: Brazo anti-balanceo polimérico red compacta 15 kV | C27: 2 | E27: — | F27: — | G27: — | J27: 2 | K27: 1/7: B712
B28: Brazo anti-balanceo polimérico red compacta 38kV | C28: — | E28: — | F28: — | G28: 1 | J28: 1 | K28: 1/7: C71
B29: Cruceta metálica retención 600mm 3" X 3" X 1/4" / 2 1/2" x 2 1/2" x 1/4" | E29: 1 | F29: — | J29: 1 | K29: 1/7: B76C
B30: Brazo angular tipo E acero red compacta 15kV | I30: — | J30: 0 | K30: Según diseño
B31: Brazo angular tipo E acero red compacta 38kV | I31: 1 | J31: 1 | K31: 1/7: C72E
B32: Total Pos | C32: =SUM('Por Norma'!C20:C31) -> 5 | D32: =SUM('Por Norma'!D20:D31) -> 3 | E32: =SUM('Por Norma'!E20:E31) -> 2 | F32: =SUM('Por Norma'!F20:F31) -> 11 | G32: =SUM('Por Norma'!G20:G31) -> 3 | H32: =SUM('Por Norma'!H20:H31) -> 3 | I32: =SUM('Por Norma'!I20:I31) -> 2 | J32: =SUM('Por Norma'!J20:J31) -> 29
B34: F.Po — Fijación al poste
B35: 1 ítems únicos · 23 unidades con cantidad fija
B37: Descripción técnica | C37: B712 | D37: B72C2 | E37: B76C | F37: B76C2 | G37: C71 | H37: C72C | I37: C72E | J37: Total | K37: Se pide en
B38: Collarín / Abrazadera de 2 o 4 vías para poste (100mm - 4" a Collarin 300mm -12") Diámetro según norma | C38: 3 | D38: 4 | E38: 3 | F38: 4 | G38: 3 | H38: 4 | I38: 2 | J38: 23 | K38: Todas (7/7)
B39: Total F.Po | C39: =SUM('Por Norma'!C38) -> 3 | D39: =SUM('Por Norma'!D38) -> 4 | E39: =SUM('Por Norma'!E38) -> 3 | F39: =SUM('Por Norma'!F38) -> 4 | G39: =SUM('Por Norma'!G38) -> 3 | H39: =SUM('Por Norma'!H38) -> 4 | I39: =SUM('Por Norma'!I38) -> 2 | J39: =SUM('Por Norma'!J38) -> 23
B41: Ais — Aisladores
B42: 7 ítems únicos · 27 unidades con cantidad fija
B44: Descripción técnica | C44: B712 | D44: B72C2 | E44: B76C | F44: B76C2 | G44: C71 | H44: C72C | I44: C72E | J44: Total | K44: Se pide en
B45: Aislador pin polimérico 15 kV ANSI C29.5 clase 55-4 | D45: 6 | E45: — | F45: — | H45: — | I45: — | J45: 6 | K45: 1/7: B72C2
B46: Aislador pin polimérico 25 kV ANSI C29.5 clase 55-5 | D46: — | E46: — | F46: — | H46: — | I46: — | J46: 0 | K46: Según diseño
B47: Aislador pin polimérico 35 kV ANSI C29.5 clase 55-6 | D47: — | H47: 3 | I47: 3 | J47: 6 | K47: 2/7: C72C, C72E
B48: Aislador pin polimérico 38-48 kV ANSI C29.5 clase 55-6 | E48: — | F48: — | J48: 0 | K48: Según diseño
B49: Aislador suspensión polimérico 15 kV ANSI C29.13 clase DS-15 clevis-lengüeta | E49: 3 | F49: 12 | J49: 15 | K49: 2/7: B76C, B76C2
B50: Aislador suspensión polimérico 24kV ANSI C29.13 clase DS-28 clevis-lengüeta | E50: — | F50: — | J50: 0 | K50: Según diseño
B51: Aislador suspensión polimérico 38kV ANSI C29.13 clase DS-35 clevis-lengüeta | E51: — | F51: — | J51: 0 | K51: Según diseño
B52: Total Ais | C52: =SUM('Por Norma'!C45:C51) -> 0 | D52: =SUM('Por Norma'!D45:D51) -> 6 | E52: =SUM('Por Norma'!E45:E51) -> 3 | F52: =SUM('Por Norma'!F45:F51) -> 12 | G52: =SUM('Por Norma'!G45:G51) -> 0 | H52: =SUM('Por Norma'!H45:H51) -> 3 | I52: =SUM('Por Norma'!I45:I51) -> 3 | J52: =SUM('Por Norma'!J45:J51) -> 27
B54: Esp — Espaciamiento de red compacta
B55: 5 ítems únicos · 3 unidades con cantidad fija
B57: Descripción técnica | C57: B712 | D57: B72C2 | E57: B76C | F57: B76C2 | G57: C71 | H57: C72C | I57: C72E | J57: Total | K57: Se pide en
B58: Espaciador poligonal polimérico 15 kV 10 kA / 38 kV 16 kA cable cubierto (Tipo Pato) | D58: — | E58: — | F58: — | H58: — | I58: — | J58: 0 | K58: Según diseño
B59: Espaciador poligonal polimérico 15 kV 10 kA cable cubierto | C59: 2 | J59: 2 | K59: 1/7: B712
B60: Espaciador poligonal polimérico 38 kV 16 kA cable cubierto | C60: — | J60: 0 | K60: Según diseño
B61: Espaciador poligonal polimérico 15 kV 10 kA cable cubierto (Tipo Pato) | G61: — | J61: 0 | K61: Según diseño
B62: Espaciador poligonal polimérico 38 kV 16 kA cable cubierto (Tipo Pato) | G62: 1 | J62: 1 | K62: 1/7: C71
B63: Total Esp | C63: =SUM('Por Norma'!C58:C62) -> 2 | D63: =SUM('Por Norma'!D58:D62) -> 0 | E63: =SUM('Por Norma'!E58:E62) -> 0 | F63: =SUM('Por Norma'!F58:F62) -> 0 | G63: =SUM('Por Norma'!G58:G62) -> 1 | H63: =SUM('Por Norma'!H58:H62) -> 0 | I63: =SUM('Por Norma'!I58:I62) -> 0 | J63: =SUM('Por Norma'!J58:J62) -> 3
B65: Cond — Conductores y cableado
B66: 5 ítems únicos · 33 unidades con cantidad fija
B68: Descripción técnica | C68: B712 | D68: B72C2 | E68: B76C | F68: B76C2 | G68: C71 | H68: C72C | I68: C72E | J68: Total | K68: Se pide en
B69: Cable mensajero de acero 3/8’’ | C69: — | D69: — | E69: — | F69: — | G69: — | H69: — | I69: — | J69: 0 | K69: Según diseño
B70: Cable semiaislado AAC 95 mm 2 | C70: — | D70: — | E70: — | F70: — | G70: — | H70: — | J70: 0 | K70: Según diseño
B71: Cable de cobre desnudo #2 AWG | D71: — | E71: 16 | F71: 17 | H71: — | I71: — | J71: 33 | K71: 2/7: B76C, B76C2
B72: Cable semiaislado AAC 95 mm 2 35kV | D72: — | E72: — | F72: — | H72: — | I72: — | J72: 0 | K72: Según diseño
B73: Cable mensajero, cable 3/8" acero extra alta resistencia | E73: — | F73: — | J73: 0 | K73: Según diseño
B74: Total Cond | C74: =SUM('Por Norma'!C69:C73) -> 0 | D74: =SUM('Por Norma'!D69:D73) -> 0 | E74: =SUM('Por Norma'!E69:E73) -> 16 | F74: =SUM('Por Norma'!F69:F73) -> 17 | G74: =SUM('Por Norma'!G69:G73) -> 0 | H74: =SUM('Por Norma'!H69:H73) -> 0 | I74: =SUM('Por Norma'!I69:I73) -> 0 | J74: =SUM('Por Norma'!J69:J73) -> 33
B76: Suj — Sujeción y amarre del conductor
B77: 8 ítems únicos · 31 unidades con cantidad fija
B79: Descripción técnica | C79: B712 | D79: B72C2 | E79: B76C | F79: B76C2 | G79: C71 | H79: C72C | I79: C72E | J79: Total | K79: Se pide en
B80: Estribo para soporte tangencial | C80: 2 | D80: — | E80: — | F80: — | G80: 1 | H80: — | I80: 1 | J80: 4 | K80: 3/7: B712, C71, C72E
B81: Grapa Suspension para soporte mensajero red compacta | D81: 2 | E81: — | F81: — | H81: 1 | I81: — | J81: 3 | K81: 2/7: B72C2, C72C
B82: Alambre de amarre de aluminio 4 AWG cubierto con elastómero termoplástico TPE | D82: — | E82: — | F82: — | H82: — | I82: — | J82: 0 | K82: Según diseño
B83: Grapa amarre preformado aislado tipo "Z" para red semiaislada. De acuerdo al calibre del conductor (Amarre Preformado) | D83: 6 | E83: — | F83: — | H83: 3 | I83: 3 | J83: 12 | K83: 3/7: B72C2, C72C, C72E
B84: Grapa preformada aleación de aluminio 2 AWG a 312.8 kcmil 15 kV / 38 kV cable cubierto (Amarre Preformado) | D84: — | E84: 3 | F84: 6 | H84: — | I84: — | J84: 9 | K84: 2/7: B76C, B76C2
B85: Grapa de retención aluminio tipo pistola (3–4 pernos) 4AWG a 2/0 AWG | D85: — | E85: — | F85: — | H85: — | I85: — | J85: 0 | K85: Según diseño
B86: Grapa de retención aluminio tipo pistola (3–4 pernos) 2/0AWG-266.8KCMIL | D86: — | E86: 1 | F86: 2 | H86: — | I86: — | J86: 3 | K86: 2/7: B76C, B76C2
B87: Grapa de retención tipo recto en aluminio 6AWG a 2/0AWG - 2/0AWG-266.8KCMIL | E87: — | F87: — | J87: 0 | K87: Según diseño
B88: Total Suj | C88: =SUM('Por Norma'!C80:C87) -> 2 | D88: =SUM('Por Norma'!D80:D87) -> 8 | E88: =SUM('Por Norma'!E80:E87) -> 4 | F88: =SUM('Por Norma'!F80:F87) -> 8 | G88: =SUM('Por Norma'!G80:G87) -> 1 | H88: =SUM('Por Norma'!H80:H87) -> 4 | I88: =SUM('Por Norma'!I80:I87) -> 4 | J88: =SUM('Por Norma'!J80:J87) -> 31
B90: Torni — Tornillería y herrajes de unión
B91: 18 ítems únicos · 248 unidades con cantidad fija
B93: Descripción técnica | C93: B712 | D93: B72C2 | E93: B76C | F93: B76C2 | G93: C71 | H93: C72C | I93: C72E | J93: Total | K93: Se pide en
B94: Tornillo de máquina hexagonal acero galvanizado 5/8" X 1 1/2" | C94: — | D94: — | E94: — | F94: — | G94: — | H94: — | I94: — | J94: 0 | K94: Según diseño
B95: Perno espaciador 15.9 x 305 mm (Esparrago 5/8" x 12") | C95: — | D95: — | E95: — | F95: 2 | G95: — | H95: — | I95: — | J95: 2 | K95: 1/7: B76C2
B96: Tuercas hexagonales de acero 5/8′′ | C96: 4 | D96: 24 | E96: 16 | F96: 18 | G96: 2 | H96: 10 | I96: 4 | J96: 78 | K96: Todas (7/7)
B97: Arandelas de presión (Guasa) Galv. Ø15,9 mm (5/8") | C97: 4 | D97: 22 | E97: 3 | F97: 16 | G97: 2 | H97: 8 | I97: — | J97: 55 | K97: 6/7: B712, B72C2, B76C, B76C2, C71, C72C
B98: Arandelas redondas planas de acero Ø15,9 mm (5/8′′) | C98: 4 | D98: 22 | E98: 3 | F98: 16 | G98: 2 | H98: 4 | I98: — | J98: 51 | K98: 6/7: B712, B72C2, B76C, B76C2, C71, C72C
B99: Tornillo de máquina hexagonal acero galvanizado1/2" x 3" | C99: — | D99: — | E99: — | F99: — | H99: — | I99: — | J99: 0 | K99: Según diseño
B100: Eslabón en U 5/8" forjado galvanizado | D100: — | E100: 3 | F100: 8 | H100: — | I100: — | J100: 11 | K100: 2/7: B76C, B76C2
B101: Tornillo de máquina hexagonal acero galvanizado 5/8" x 3" | D101: 1 | E101: — | F101: — | H101: — | I101: — | J101: 1 | K101: 1/7: B72C2
B102: Tornillo de máquina hexagonal acero galvanizado 5/8" x 31/2" | D102: 4 | E102: 2 | F102: 4 | H102: 2 | I102: 2 | J102: 14 | K102: 5/7: B72C2, B76C, B76C2, C72C, C72E
B103: Perno Espigo corto para aislador tipo pin 10”x1 3/4”x3/4” rosca nailon 1 3/8” cruceta metálica (13,2 kV) | D103: 6 | E103: — | F103: — | H103: — | I103: — | J103: 6 | K103: 1/7: B72C2
B104: Perno Espigo corto para aislador tipo pin 10”x1 3/4”x3/4” rosca nailon 1 3/8” cruceta metálica (34,5 kV) | D104: — | E104: — | F104: — | H104: 3 | I104: 3 | J104: 6 | K104: 2/7: C72C, C72E
B105: Tuercas de ojo alargada acero galv. / Ojos giratorios de Ø15,9 mm (5/8") | D105: 2 | E105: 1 | F105: — | H105: 1 | I105: 4 | J105: 8 | K105: 4/7: B72C2, B76C, C72C, C72E
B106: Perno espaciador 15.9 x 305 mm (Esparrago 5/8" x 14") | E106: — | F106: — | I106: 6 | J106: 6 | K106: 1/7: C72E
B107: Tornillo de máquina hexagonal acero galvanizado 5/8" x 2" | E107: 1 | F107: — | J107: 1 | K107: 1/7: B76C
B108: Perno Espigo largo para aislador tipo pin 10”x7”x3/4” rosca nailon 1 3/8” cruceta de fibra de vidrio y poste | E108: — | F108: — | J108: 0 | K108: Según diseño
B109: Guardacabo acero galvanizad Ø15,9 mm (5/8′′) | E109: 3 | F109: 6 | J109: 9 | K109: 2/7: B76C, B76C2
B110: Guardacabo acero galvanizado Ø19,5 mm (3/4") | E110: — | F110: — | J110: 0 | K110: Según diseño
B111: Espigo corto para aislador tipo pin 6”x1 1/2”x3/4” rosca nailon 1” cruceta metálica (34,5 kV) | I111: — | J111: 0 | K111: Según diseño
B112: Total Torni | C112: =SUM('Por Norma'!C94:C111) -> 12 | D112: =SUM('Por Norma'!D94:D111) -> 81 | E112: =SUM('Por Norma'!E94:E111) -> 32 | F112: =SUM('Por Norma'!F94:F111) -> 70 | G112: =SUM('Por Norma'!G94:G111) -> 6 | H112: =SUM('Por Norma'!H94:H111) -> 28 | I112: =SUM('Por Norma'!I94:I111) -> 19 | J112: =SUM('Por Norma'!J94:J111) -> 248
B114: Cone — Conectores y empalmes eléctricos
B115: 6 ítems únicos · 26 unidades con cantidad fija
B117: Descripción técnica | C117: B712 | D117: B72C2 | E117: B76C | F117: B76C2 | G117: C71 | H117: C72C | I117: C72E | J117: Total | K117: Se pide en
B118: Conector de compresión tipo H (1/0 a 4 AWG) | C118: — | D118: — | E118: — | F118: — | H118: — | I118: — | J118: 0 | K118: Según diseño
B119: Conector empalme conector DBH Y REPOSICION AISLAMIENTO Cable Simieaislado | D119: — | E119: 3 | F119: 6 | H119: — | I119: — | J119: 9 | K119: 2/7: B76C, B76C2
...

Sheet Estructuras
B2: Estructuras incluidas
B3: Metadatos de los 7 archivos procesados
B6: Archivo | C6: Código | D6: Descripción de la estructura | E6: Tipo | F6: Voltaje | G6: Tipo de estructura (hoja) | H6: Ítems BOM
B7: Celsia-B72C2.xlsx | C7: B72C2 | D7: Estructura ángulos 3° - 30° con herraje en C doble circuito | E7: C2 | F7: 13,2 kV | G7: Aisl. Pin - Tipo C | H7: 47
B8: Celsia-B76C.xlsx | C8: B76C | D8: Terminal sencillo centrado herraje en C | E8: C2 | F8: 13,2 kV | G8: Aisl. Polim - Tipo C | H8: 63
B9: Celsia-B76C2.xlsx | C9: B76C2 | D9: Terminal sencillo doble circuito herraje C lateral | E9: C4 | F9: 13,2 kV | G9: Aisl. Polim - Tipo C | H9: 61
B10: Celsia-B712.xlsx | C10: B712 | D10: Alineación 0° - 3° doble circuito | E10: C4 | F10: 13,2 kV | G10: B. Tangente V.Cxtos - Ais. Pato | H10: 21
B11: Celsia-C71.xlsx | C11: C71 | D11: Estructura Alineacion 0° - 6° Bandera con cruceta de 2400 mm para red aérea | E11: C1 | F11: 34,5 kV | G11: B. Tangente (Antib) - Ais. Pato | H11: 19
B12: Celsia-C72C.xlsx | C12: C72C | D12: Estructura Angulo 3° - 30° con Herraje en C Lateral Circuito Sencillo | E12: C2 | F12: 34,5 kV | G12: Aisl. Pin - Tipo C | H12: 47
B13: Celsia-C72E.xlsx | C13: C72E | D13: Ángulos 3° - 30° herraje E lateral sencillo | E13: C2 | F13: 34,5 kV | G13: Aisl. Pin - Tipo E | H13: 48

Sheet Detalle
B2: Detalle por archivo (306 filas)
B3: Cada fila es un ítem tal como aparece en la lista de materiales de cada estructura
B6: Archivo | C6: Código | D6: Categoría | E6: Descripción técnica | F6: Cant. | G6: Nota de cantidad | H6: Cód. Celsia | I6: Ref. ítem
B7: Celsia-B72C2.xlsx | C7: B72C2 | D7: Pos | E7: Poste de concreto, fibra vidrio o metalico 10m /12m /14m /16m × 750kgf /1050kgf /2000kgf/3000kgf /4000kgf | H7: PM (Ver tablas) | I7: Acorde diseño
B8: Celsia-B72C2.xlsx | C8: B72C2 | D8: F.Po | E8: Collarín / Abrazadera de 2 o 4 vías para poste (100mm - 4" a Collarin 300mm -12") Diámetro según norma | F8: 4 | H8: CXX (2 salidas)
B9: Celsia-B72C2.xlsx | C9: B72C2 | D9: F.Po | E9: Collarín / Abrazadera de 2 o 4 vías para poste (100mm - 4" a Collarin 300mm -12") Diámetro según norma
B10: Celsia-B72C2.xlsx | C10: B72C2 | D10: Pos | E10: Cruceta angular metálica en T autosoportada, 1400 mm
B11: Celsia-B72C2.xlsx | C11: B72C2 | D11: Pos | E11: Brazo tangente tipo L 15kV con grapa prensora y estribo | F11: 1 | H11: H220 | I11: 10006438
B12: Celsia-B72C2.xlsx | C12: B72C2 | D12: Pos | E12: Brazo tangente tipo L 38 – 48 kV con grapa prensora y estribo
B13: Celsia-B72C2.xlsx | C13: B72C2 | D13: Pos | E13: Soporte para dos aisladores en angulo red compacta (15kV / 35kV)
B14: Celsia-B72C2.xlsx | C14: B72C2 | D14: Suj | E14: Grapa Suspension para soporte mensajero red compacta | F14: 2 | H14: UA225 | I14: 10004892
B15: Celsia-B72C2.xlsx | C15: B72C2 | D15: Pos | E15: Brazo angular tipo C acero red compacta 15kV | F15: 2 | H15: H226 | I15: 10006422
B16: Celsia-B72C2.xlsx | C16: B72C2 | D16: Pos | E16: Brazo angular tipo C acero red compacta 38kV
B17: Celsia-B72C2.xlsx | C17: B72C2 | D17: Suj | E17: Estribo para soporte tangencial | H17: RA223 (Ver tablas)
B18: Celsia-B72C2.xlsx | C18: B72C2 | D18: Cond | E18: Cable semiaislado AAC 95 mm 2
B19: Celsia-B72C2.xlsx | C19: B72C2 | D19: Suj | E19: Alambre de amarre de aluminio 4 AWG cubierto con elastómero termoplástico TPE
B20: Celsia-B72C2.xlsx | C20: B72C2 | D20: Cond | E20: Cable mensajero de acero 3/8’’
B21: Celsia-B72C2.xlsx | C21: B72C2 | D21: Esp | E21: Espaciador poligonal polimérico 15 kV 10 kA / 38 kV 16 kA cable cubierto (Tipo Pato) | G21: Cantidad acorde diseño y distancia de instalacion (entre 7 a 9 m)
B22: Celsia-B72C2.xlsx | C22: B72C2 | D22: Ais | E22: Aislador pin polimérico 15 kV ANSI C29.5 clase 55-4 | F22: 6 | H22: DP3 | I22: 10002434
B23: Celsia-B72C2.xlsx | C23: B72C2 | D23: Ais | E23: Aislador pin polimérico 25 kV ANSI C29.5 clase 55-5
B24: Celsia-B72C2.xlsx | C24: B72C2 | D24: Ais | E24: Aislador pin polimérico 35 kV ANSI C29.5 clase 55-6
B25: Celsia-B72C2.xlsx | C25: B72C2 | D25: Suj | E25: Grapa amarre preformado aislado tipo "Z" para red semiaislada. De acuerdo al calibre del conductor (Amarre Preformado) | F25: 6 | H25: RP01
B26: Celsia-B72C2.xlsx | C26: B72C2 | D26: Suj | E26: Grapa preformada aleación de aluminio 2 AWG a 312.8 kcmil 15 kV / 38 kV cable cubierto (Amarre Preformado)
B27: Celsia-B72C2.xlsx | C27: B72C2 | D27: Torni | E27: Eslabón en U 5/8" forjado galvanizado
B28: Celsia-B72C2.xlsx | C28: B72C2 | D28: Torni | E28: Tornillo de máquina hexagonal acero galvanizado 5/8" X 1 1/2"
B29: Celsia-B72C2.xlsx | C29: B72C2 | D29: Torni | E29: Tornillo de máquina hexagonal acero galvanizado 5/8" x 3" | F29: 1 | H29: I9 | I29: 10007363
B30: Celsia-B72C2.xlsx | C30: B72C2 | D30: Torni | E30: Tornillo de máquina hexagonal acero galvanizado1/2" x 3"
B31: Celsia-B72C2.xlsx | C31: B72C2 | D31: Suj | E31: Grapa de retención aluminio tipo pistola (3–4 pernos) 4AWG a 2/0 AWG
B32: Celsia-B72C2.xlsx | C32: B72C2 | D32: Suj | E32: Grapa de retención aluminio tipo pistola (3–4 pernos) 2/0AWG-266.8KCMIL
B33: Celsia-B72C2.xlsx | C33: B72C2 | D33: Torni | E33: Tornillo de máquina hexagonal acero galvanizado 5/8" x 31/2" | F33: 4 | H33: I21 | I33: 10005724
B34: Celsia-B72C2.xlsx | C34: B72C2 | D34: Torni | E34: Perno Espigo corto para aislador tipo pin 10”x1 3/4”x3/4” rosca nailon 1 3/8” cruceta metálica (13,2 kV) | F34: 6 | H34: EP1 | I34: 10005775
B35: Celsia-B72C2.xlsx | C35: B72C2 | D35: Torni | E35: Perno Espigo corto para aislador tipo pin 10”x1 3/4”x3/4” rosca nailon 1 3/8” cruceta metálica (34,5 kV)
B36: Celsia-B72C2.xlsx | C36: B72C2 | D36: Torni | E36: Perno espaciador 15.9 x 305 mm (Esparrago 5/8" x 12")
B37: Celsia-B72C2.xlsx | C37: B72C2 | D37: Torni | E37: Tuercas de ojo alargada acero galv. / Ojos giratorios de Ø15,9 mm (5/8") | F37: 2 | H37: H10 | I37: 10007764
B38: Celsia-B72C2.xlsx | C38: B72C2 | D38: Torni | E38: Tuercas hexagonales de acero 5/8′′ | F38: 24
B39: Celsia-B72C2.xlsx | C39: B72C2 | D39: Torni | E39: Arandelas de presión (Guasa) Galv. Ø15,9 mm (5/8") | F39: 22 | H39: K6 | I39: 10002645
B40: Celsia-B72C2.xlsx | C40: B72C2 | D40: Torni | E40: Arandelas redondas planas de acero Ø15,9 mm (5/8′′) | F40: 22 | H40: K9 | I40: 10002610
B41: Celsia-B72C2.xlsx | C41: B72C2 | D41: P.Ele | E41: Pararrayos polimerico DPS 12 kV 10 kA
B42: Celsia-B72C2.xlsx | C42: B72C2 | D42: P.Ele | E42: Pararrayos polimerico DPS 30 kV 10 kA
B43: Celsia-B72C2.xlsx | C43: B72C2 | D43: Cond | E43: Cable de cobre desnudo #2 AWG
B44: Celsia-B72C2.xlsx | C44: B72C2 | D44: Cond | E44: Cable semiaislado AAC 95 mm 2 35kV
B45: Celsia-B72C2.xlsx | C45: B72C2 | D45: Cone | E45: Conector empalme conector DBH Y REPOSICION AISLAMIENTO Cable Simieaislado
B46: Celsia-B72C2.xlsx | C46: B72C2 | D46: Cone | E46: Conector de compresión tipo H (1/0 a 4 AWG)
B47: Celsia-B72C2.xlsx | C47: B72C2 | D47: Cone | E47: Conectores de compresión (C-Tap / H-Tap / Cuña)
B48: Celsia-B72C2.xlsx | C48: B72C2 | D48: Cone | E48: Conectores tipo Cuña Cu - Cu #2 a #2
B49: Celsia-B72C2.xlsx | C49: B72C2 | D49: P.Ele | E49: Conector cuña a presión p/ varilla PAT Ø15,9 mm (5/8") a Cu #2 AWG
B50: Celsia-B72C2.xlsx | C50: B72C2 | D50: P.Ele | E50: Grapa conexión doble cable tierra
B51: Celsia-B72C2.xlsx | C51: B72C2 | D51: P.Ele | E51: Varilla puesta a tierra Ø 15,9 x 2400 mm (5/8" x 8') Copperweld
B52: Celsia-B72C2.xlsx | C52: B72C2 | D52: P.Ele | E52: SPT Acero 6.3 Red compacta | G52: Ver nota (1) al pie
B53: Celsia-B72C2.xlsx | C53: B72C2 | D53: Vien | E53: Retenidas (Vientos) | G53: *Validar aplicación de normas V estrictamente acorde al diseño.
B54: Celsia-B76C.xlsx | C54: B76C | D54: Pos | E54: Poste de concreto, fibra vidrio o metalico 10m /12m /14m /16m × 750kgf /1050kgf /2000kgf/3000kgf /4000kgf | H54: PM (Ver tablas) | I54: Acorde diseño
B55: Celsia-B76C.xlsx | C55: B76C | D55: Pos | E55: Poste de concreto, fibra vidrio o metalico 10m /12m /14m /16m × 750kgf /1050kgf /2000kgf/3000kgf /4000kgf
B56: Celsia-B76C.xlsx | C56: B76C | D56: F.Po | E56: Collarín / Abrazadera de 2 o 4 vías para poste (100mm - 4" a Collarin 300mm -12") Diámetro según norma | F56: 3 | H56: CXX (2 salidas) Diametro según norma RA05
B57: Celsia-B76C.xlsx | C57: B76C | D57: F.Po | E57: Collarín / Abrazadera de 2 o 4 vías para poste (100mm - 4" a Collarin 300mm -12") Diámetro según norma
B58: Celsia-B76C.xlsx | C58: B76C | D58: Pos | E58: Cruceta angular metálica en T autosoportada, 1400 mm
B59: Celsia-B76C.xlsx | C59: B76C | D59: Pos | E59: Cruceta metálica retención 600mm 3" X 3" X 1/4" / 2 1/2" x 2 1/2" x 1/4" | F59: 1 | H59: A20 | I59: 10006417
B60: Celsia-B76C.xlsx | C60: B76C | D60: Pos | E60: Brazo tangente tipo L 15kV con grapa prensora y estribo | H60: H220 | I60: 10006438
B61: Celsia-B76C.xlsx | C61: B76C | D61: Pos | E61: Brazo tangente tipo L 38 – 48 kV con grapa prensora y estribo
B62: Celsia-B76C.xlsx | C62: B76C | D62: Pos | E62: Brazo anti-balanceo polimérico red compacta 15 kV
B63: Celsia-B76C.xlsx | C63: B76C | D63: Pos | E63: Brazo anti-balanceo polimérico red compacta 38kV
B64: Celsia-B76C.xlsx | C64: B76C | D64: Pos | E64: Soporte para dos aisladores en angulo red compacta (15kV / 35kV)
B65: Celsia-B76C.xlsx | C65: B76C | D65: Suj | E65: Grapa Suspension para soporte mensajero red compacta | H65: UA225 | I65: 10004892
B66: Celsia-B76C.xlsx | C66: B76C | D66: Pos | E66: Brazo angular tipo C acero red compacta 15kV | F66: 1 | H66: H226 | I66: 10006422
B67: Celsia-B76C.xlsx | C67: B76C | D67: Pos | E67: Brazo angular tipo C acero red compacta 38kV
B68: Celsia-B76C.xlsx | C68: B76C | D68: Suj | E68: Estribo para soporte tangencial | H68: RA223 (Ver tablas)
B69: Celsia-B76C.xlsx | C69: B76C | D69: Cond | E69: Cable semiaislado AAC 95 mm 2
B70: Celsia-B76C.xlsx | C70: B76C | D70: Suj | E70: Alambre de amarre de aluminio 4 AWG cubierto con elastómero termoplástico TPE
B71: Celsia-B76C.xlsx | C71: B76C | D71: Cond | E71: Cable mensajero de acero 3/8’’
B72: Celsia-B76C.xlsx | C72: B76C | D72: Esp | E72: Espaciador poligonal polimérico 15 kV 10 kA / 38 kV 16 kA cable cubierto (Tipo Pato) | G72: Cantidad acorde diseño y distancia de instalacion (entre 7 a 9 m)
B73: Celsia-B76C.xlsx | C73: B76C | D73: Ais | E73: Aislador pin polimérico 15 kV ANSI C29.5 clase 55-4
B74: Celsia-B76C.xlsx | C74: B76C | D74: Ais | E74: Aislador pin polimérico 25 kV ANSI C29.5 clase 55-5
B75: Celsia-B76C.xlsx | C75: B76C | D75: Ais | E75: Aislador pin polimérico 38-48 kV ANSI C29.5 clase 55-6
B76: Celsia-B76C.xlsx | C76: B76C | D76: Ais | E76: Aislador suspensión polimérico 15 kV ANSI C29.13 clase DS-15 clevis-lengüeta | F76: 3 | H76: DS10 | I76: 10002432
B77: Celsia-B76C.xlsx | C77: B76C | D77: Ais | E77: Aislador suspensión polimérico 24kV ANSI C29.13 clase DS-28 clevis-lengüeta
B78: Celsia-B76C.xlsx | C78: B76C | D78: Ais | E78: Aislador suspensión polimérico 38kV ANSI C29.13 clase DS-35 clevis-lengüeta
B79: Celsia-B76C.xlsx | C79: B76C | D79: Suj | E79: Grapa amarre preformado aislado tipo "Z" para red semiaislada. De acuerdo al calibre del conductor (Amarre Preformado)
B80: Celsia-B76C.xlsx | C80: B76C | D80: Suj | E80: Grapa preformada aleación de aluminio 2 AWG a 312.8 kcmil 15 kV / 38 kV cable cubierto (Amarre Preformado) | F80: 3 | H80: RP03
B81: Celsia-B76C.xlsx | C81: B76C | D81: Torni | E81: Eslabón en U 5/8" forjado galvanizado | F81: 3 | H81: M10 | I81: 10004959
B82: Celsia-B76C.xlsx | C82: B76C | D82: Torni | E82: Tornillo de máquina hexagonal acero galvanizado 5/8" X 1 1/2"
B83: Celsia-B76C.xlsx | C83: B76C | D83: Torni | E83: Tornillo de máquina hexagonal acero galvanizado 5/8" x 3"
B84: Celsia-B76C.xlsx | C84: B76C | D84: Torni | E84: Tornillo de máquina hexagonal acero galvanizado 5/8" x 2" | F84: 1 | H84: I5 | I84: 10005743
B85: Celsia-B76C.xlsx | C85: B76C | D85: Torni | E85: Tornillo de máquina hexagonal acero galvanizado1/2" x 3"
B86: Celsia-B76C.xlsx | C86: B76C | D86: Suj | E86: Grapa de retención aluminio tipo pistola (3–4 pernos) 4AWG a 2/0 AWG
B87: Celsia-B76C.xlsx | C87: B76C | D87: Suj | E87: Grapa de retención aluminio tipo pistola (3–4 pernos) 2/0AWG-266.8KCMIL | F87: 1 | H87: RA
B88: Celsia-B76C.xlsx | C88: B76C | D88: Suj | E88: Grapa de retención tipo recto en aluminio 6AWG a 2/0AWG - 2/0AWG-266.8KCMIL
B89: Celsia-B76C.xlsx | C89: B76C | D89: Torni | E89: Tornillo de máquina hexagonal acero galvanizado 5/8" x 31/2" | F89: 2 | H89: I21 | I89: 10005724
B90: Celsia-B76C.xlsx | C90: B76C | D90: Torni | E90: Perno Espigo corto para aislador tipo pin 10”x1 3/4”x3/4” rosca nailon 1 3/8” cruceta metálica (13,2 kV)
B91: Celsia-B76C.xlsx | C91: B76C | D91: Torni | E91: Perno Espigo corto para aislador tipo pin 10”x1 3/4”x3/4” rosca nailon 1 3/8” cruceta metálica (34,5 kV)
B92: Celsia-B76C.xlsx | C92: B76C | D92: Torni | E92: Perno Espigo largo para aislador tipo pin 10”x7”x3/4” rosca nailon 1 3/8” cruceta de fibra de vidrio y poste
B93: Celsia-B76C.xlsx | C93: B76C | D93: Torni | E93: Perno espaciador 15.9 x 305 mm (Esparrago 5/8" x 12")
B94: Celsia-B76C.xlsx | C94: B76C | D94: Torni | E94: Perno espaciador 15.9 x 305 mm (Esparrago 5/8" x 14")
B95: Celsia-B76C.xlsx | C95: B76C | D95: Torni | E95: Tuercas de ojo alargada acero galv. / Ojos giratorios de Ø15,9 mm (5/8") | F95: 1 | H95: H10 | I95: 10007764
B96: Celsia-B76C.xlsx | C96: B76C | D96: Torni | E96: Tuercas hexagonales de acero 5/8′′ | F96: 16
B97: Celsia-B76C.xlsx | C97: B76C | D97: Torni | E97: Arandelas de presión (Guasa) Galv. Ø15,9 mm (5/8") | F97: 3 | H97: K6 | I97: 10002645
B98: Celsia-B76C.xlsx | C98: B76C | D98: Torni | E98: Arandelas redondas planas de acero Ø15,9 mm (5/8′′) | F98: 3 | H98: K9 | I98: 10002610
B99: Celsia-B76C.xlsx | C99: B76C | D99: Torni | E99: Guardacabo acero galvanizad Ø15,9 mm (5/8′′) | F99: 3 | H99: M11
B100: Celsia-B76C.xlsx | C100: B76C | D100: Torni | E100: Guardacabo acero galvanizado Ø19,5 mm (3/4")
B101: Celsia-B76C.xlsx | C101: B76C | D101: P.Ele | E101: Pararrayos polimerico DPS 12 kV 10 kA | F101: 3 | H101: Q2 | I101: 10005663
B102: Celsia-B76C.xlsx | C102: B76C | D102: P.Ele | E102: Pararrayos polimerico DPS 30 kV 10 kA
B103: Celsia-B76C.xlsx | C103: B76C | D103: Cond | E103: Cable de cobre desnudo #2 AWG | F103: 16 | H103: UC24 Metros | I103: 10003243
...
